<?xml version="1.0" encoding="utf-8"?>
<ClassDiagram>
  <Class Name="Animal">
    <Comment>Базовый класс для всех животных</Comment>
    <Property Name="Country" Type="String" />
    <Property Name="HideFromOtherAnimals" Type="Boolean" />
    <Property Name="Name" Type="String" />
    <Property Name="WhatAnimal" Type="String" />
    <Property Name="Classification" Type="eClassificationAnimal" />
    <Method Name="Deconstructl" />
    <Method Name="GetClasificationAnimal" />
    <Method Name="GetFavoriteFood" />
    <Method Name="SayHello" />
  </Class>
  <Class Name="Cow">
    <Comment>Класс, представляющий корову</Comment>
    <Property Name="Country" Type="String" />
    <Property Name="HideFromOtherAnimals" Type="Boolean" />
    <Property Name="Name" Type="String" />
    <Property Name="WhatAnimal" Type="String" />
    <Property Name="Classification" Type="eClassificationAnimal" />
    <Method Name="GetClasificationAnimal" />
    <Method Name="GetFavoriteFood" />
    <Method Name="SayHello" />
  </Class>
  <Class Name="Lion">
    <Comment>Класс, представляющий льва</Comment>
    <Property Name="Country" Type="String" />
    <Property Name="HideFromOtherAnimals" Type="Boolean" />
    <Property Name="Name" Type="String" />
    <Property Name="WhatAnimal" Type="String" />
    <Property Name="Classification" Type="eClassificationAnimal" />
    <Method Name="GetClasificationAnimal" />
    <Method Name="GetFavoriteFood" />
    <Method Name="SayHello" />
  </Class>
  <Class Name="Pig">
    <Comment>Класс, представляющий свинью</Comment>
    <Property Name="Country" Type="String" />
    <Property Name="HideFromOtherAnimals" Type="Boolean" />
    <Property Name="Name" Type="String" />
    <Property Name="WhatAnimal" Type="String" />
    <Property Name="Classification" Type="eClassificationAnimal" />
    <Method Name="GetClasificationAnimal" />
    <Method Name="GetFavoriteFood" />
    <Method Name="SayHello" />
  </Class>
</ClassDiagram>